segmentName,ECS_um3,bbox_um3,ECS_fraction
Segment 1,0.128461312,0.72,0.178418489
Segment 2,0.129347072,0.72,0.179648711
Segment 3,0.087920128,0.72,0.122111289